Meath,Ardmulchan,Ireland,1,1,,1,,,,,1,,1,1
Meath,Ardmulchan,Ireland,1,,,,,,,,,,1,1
Meath,Ballinvally 4,Ireland,1,1,,1,,,,,,,,
Meath,Baltinglass,Ireland,,1,,1,,,,,,,,
Meath,Baltinglass,Ireland,,1,,1,,,,,, ,,
Meath,Baltinglass,Ireland,,,1,,,,,,,,,
Meath,Baltinglass I,Ireland,,,,,,,,,,,1,
Meath,Baltinglass II,Ireland,,1,1,,,,,,,,,
Meath,Baltinglass II,Ireland,,1,1,,,,,,,,,
Cavan,Banagher,Ireland,,1,,,,,,,,?,1,1
Antrim,Carnanmore,Ireland,,1,,1,,,,,,,,1
Antrim,Carnanmore,Ireland,1,,,,,,,,,,,
Kildare,Castledermot,Ireland,,,,,,,,,1,,,
Cork,Clear Island,Ireland,,,1,,,,1,,,,,1
Meath,Clonasillagh,Ireland,1,1,,1,,,,,,?,1,
Sligo,Cloverhill,Ireland,1,1,,1,,,,,,,,
Sligo,Cloverhill,Ireland,,,1,,,,,1,,,,
Sligo,Cloverhill,Ireland,,1,1,,,,,1,,,,
Sligo,Cloverhill,Ireland,1,1,1,1,,,,1,,,1,
Meath,Cregg,Ireland,,,,,,,1,,,,,
Meath,Dowth,Ireland,,1,1,1,,,,,,,,
Meath,Dowth,Ireland,1,,,,,,,,,,,
Meath,Dowth,Ireland,1,,1,,,,,,,,,
Meath,Dowth,Ireland,,1,1,1,,,1,,,,,1
Meath,Dowth,Ireland,,1,,,,,,,,,,
Meath,Dowth,Ireland,,,1,,,,,,,,,1
Meath,Dowth,Ireland,,1,,1,,,,,,,1,1
Meath,Dowth,Ireland,,1,1,1,,,1,,,,,
Meath,Dowth,Ireland,,,,1,,,,,,,,
Meath,Dowth,Ireland,,,,,,,,,,,,1
Meath,Dowth,Ireland,,,,,,,,,,,,1
Meath,Dowth,Ireland,1,1,,1,1,,1,,1,1,1,
Meath,Dowth,Ireland,,1,,,,,,,1,,,
Meath,Dowth,Ireland,,1,,,,,,,,,,
Meath,Dowth,Ireland,,1,,,,,,,,,,
Meath,Dowth,Ireland,,1,,1,1,,,,,,,
Meath,Dowth N,Ireland,,1,,1,,,,,,,,
Meath,Dowth N,Ireland,,1,,,,,,,,1,1,
Meath,Dowth N,Ireland,,1,,1,,,,,,1,1,
Meath,Dowth N,Ireland,,1,,,,,,,,,1,
Meath,Dowth N,Ireland,,1,,,1,,,,,1,1,
Meath,Dowth N,Ireland,1,1,,1,1,,1,,,1,1,1
Meath,Dowth N,Ireland,,,,,,,1,,?,,,
Meath,Dowth N,Ireland,1,1,,,,,,,,1,1,
Meath,Dowth N,Ireland,1,1,1,1,,,1,,,1,1,1
Meath,Dowth N,Ireland,,1,,1,,,,,,,1,
Meath,Dowth N,Ireland,,1,,,,,,,,,,
Meath,Dowth S,Ireland,,,1,1,,,,,,,,1
Meath,Dowth S,Ireland,,1,,1,,,,,,,,1
Meath,Dowth S,Ireland,,,,,,,,1,1,,,1
Meath,Dowth S,Ireland,,1,,1,,,1,,,,1,1
Meath,Dowth S,Ireland,,,1,,,,,,,,,1
Meath,Dowth S,Ireland,,1,,1,,,,,,,1,1
Meath,Dowth S,Ireland,1,1,,,,,,,,,,
Meath,Dowth S,Ireland,1,,,,,,,,,,,
Meath,Dowth S,Ireland,1,1,1,1,1,,1,,1,1,1,
Meath,Dowth S,Ireland,,1,,,,,,,,?,1,
Meath,Dowth S,Ireland,,,,,,,,,,,,1
Meath,Dowth S,Ireland,,1,,1,,,,,,,,1
Meath,Dowth S,Ireland,,,,1,,,,,,1,1,
Meath,Dowth,Ireland,,,,,,,,,,,,1
Meath,Dowth,Ireland,,,,,,,1,,,,,
Down,Drumreagh,Ireland,,1,,1,,,,,,,,1
Dublin,Dun Laoghaire,Ireland,1,1,1,1,,,,1,,,1,1
Dublin,Dun Laoghaire,Ireland,1,1,,1,,1,1,,1,,1,1
Meath,Fourknocks I,Ireland,,,,,,,1,,,,,
Meath,Fourknocks I,Ireland,,,,,,,,,1,,1,
Meath,Fourknocks I,Ireland,,,,,,,1,,1,,1,
Meath,Fourknocks I,Ireland,,,,1,,,,,1,,1,
Meath,Fourknocks I,Ireland,1,,,,,,,,1,,,
Meath,Fourknocks I,Ireland,,1,1,1,,,1,,1,,1,
Meath,Fourknocks I,Ireland,,1,,,,,,,,,,
Meath,Fourknocks I,Ireland,,,,,,,1,,,,,
Meath,Fourknocks I,Ireland,,1,,1,,,,,,,1,1
Meath,Fourknocks I,Ireland,,,,,,,1,1,1,,,
Meath,Fourknocks I,Ireland,,,,,,,1,1,1,,,
Kildare,Hempstown,Ireland,1,,,1,1,,,,1,,1,
Louth,Killin,Ireland,,,,1,,,,,,1,1,
Fermanagh,Kiltiernay,Ireland,1,1,,1,,,,,,?,1,1
Fermanagh,Kiltiernay,Ireland,1,,,1,,,,,1,,,1
Meath,Kings Mountain,Ireland,,,1,,,,,,,,,
Tyrone,Knockmany,Ireland,1,1,,1,,,,,,?,1,1
Tyrone,Knockmany,Ireland,1,,,,,,,,,?,1,
Tyrone,Knockmany,Ireland,1,1,,,,,,,,,1,1
Tyrone,Knockmany,Ireland,1,,,1,,,,,?,1,1,
Tyrone,Knockmany,Ireland,1,1,,1,,,,,,,,1
Tyrone,Knockmany,Ireland,1,1,1,1,,1,1,?,,,1,1
Tyrone,Knockmany,Ireland,,1,,1,,,,,,,1,1
Tyrone,Knockmany,Ireland,1,1,1,1,?,,1,,,,1,1
Tyrone,Knockmany,Ireland,,,,,,,,,,1,1,
Kilkenny,Knockroe enceinte,Ireland,,,,,,,,,,,,1
Kilkenny,Knockroe enceinte,Ireland,,,1,1,,,,,,,,1
Kilkenny,Knockroe enceinte,Ireland,,1,,1,,,,,,?,1,
Kilkenny,Knockroe enceinte,Ireland,,,1,1,,,,,,?,1,
Kilkenny,Knockroe enceinte,Ireland,,1,,1,,,,,,,,
Kilkenny,Knockroe enceinte,Ireland,1,,1,1,,,?,,,,,1
Kilkenny,Knockroe enceinte,Ireland,,,,1,,,,,,,,
Kilkenny,Knockroe E,Ireland,,?,?,,,,,,,,,
Kilkenny,Knockroe E,Ireland,,,,,,,,,,,,1
Kilkenny,Knockroe W,Ireland,1,1,1,1,,,,,,,,
Kilkenny,Knockroe W,Ireland,1,,,1,,,1,,,,1,
Kilkenny,Knockroe W,Ireland,1,1,1,1,,,,,,,,
Kilkenny,Knockroe W,Ireland,,1,1,1,,,,,,,,
Kilkenny,Knockroe W,Ireland,1,1,1,1,,,,,,?,1,
Kilkenny,Knockroe W,Ireland,1,1,,1,,,,,,,,
Kilkenny,Knockroe W,Ireland,1,1,,1,,,,,,,,
Meath,Knowth,Ireland,1,,,,,,1,,,,,
Meath,Knowth,Ireland,1,,1,1,,,,,,,1,1
Meath,Knowth,Ireland,,1,1,1,,,,,,1,1,1
Meath,Knowth,Ireland,,1,1,1,,,1,,,,,
Meath,Knowth,Ireland,1,1,,1,,1,,,,,1,
Meath,Knowth,Ireland,,1,,1,,,,,,,1,1
Meath,Knowth,Ireland,1,1,1,1,,,1,,1,,1,1
Meath,Knowth,Ireland,,1,1,1,,,,,,,,
Meath,Knowth,Ireland,,,1,1,,,1,,,,1,
Meath,Knowth,Ireland,,1,1,1,,,1,,1,,,1
Meath,Knowh,Ireland,1,,,,,,,1,1,,,
Meath,Knowth,Ireland,,1,,1,,,,,,,,1
Meath,Knowth,Ireland,1,1,1,1,,1,1,1,1,,1,
Meath,Knowth,Ireland,,1,,1,,,,,,,,
Meath,Knowth,Ireland,,,1,1,,,,,,,,1
Meath,Knowth,Ireland,1,,,1,,,,,,,,
Meath,Knowth,Ireland,,1,,1,,,1,?,1,,1,1
Meath,Knowth,Ireland,,,,1,,,,,,,,
Meath,Knowth,Ireland,,1,,1,,,,,,,,
Meath,Knowth,Ireland,,1,,1,,,1,,,,,1
Meath,Knowth,Ireland,,,,1,,,,,,,,
Meath,Knowth,Ireland,,,,1,,,,,,,,
Meath,Knowth,Ireland,,1,1,1,,,,,,,,1
Meath,Knowth,Ireland,,1,1,,,,1,,?,,,
Meath,Knowth,Ireland,,1,1,1,,,,,,,,
Meath,Knowth,Ireland,,1,,1,,,,,,,,1
Meath,Knowth,Ireland,1,,1,1,,,1,,1,,,1
Meath,Knowth,Ireland,,1,,,,,,,,,,
Meath,Knowth,Ireland,,,1,1,,1,,,,,,
Meath,Knowth,Ireland,1,1,1,1,,,,,,,,
Meath,Knowth,Ireland,,,,1,,,,,,,,
Meath,Knowth,Ireland,,1,,1,,,,?,1,,,
Meath,Knowth,Ireland,,1,1,,,,,,,,,1
Meath,Knowth,Ireland,,1,1,1,,,,,,,,1
Meath,Knowth,Ireland,,1,1,1,,,1,,,,,
Meath,Knowth,Ireland,,,,,,,,,,,,1
Meath,Knowth,Ireland,,,,1,,,,,,,,
Meath,Knowth,Ireland,,,,1,,,,,,,,
Meath,Knowth,Ireland,,,,1,,,,,,,,
Meath,Knowth,Ireland,,,,1,,,,,,,,
Meath,Knowth,Ireland,,,,1,,,,,,,,1
Meath,Knowth,Ireland,,1,1,1,,,1,,?,,,1
Meath,Knowth,Ireland,,1,,1,,,,,,,,
Meath,Knowth,Ireland,,1,1,1,,,,,,,,
Meath,Knowth,Ireland,,1,,1,1,,,,,,1,
Meath,Knowth,Ireland,1,1,,1,,,,,,,,1
Meath,Knowth,Ireland,,,,1,,,,,,,,
Meath,Knowth,Ireland,,1,,1,,,1,,,,,1
Meath,Knowth,Ireland,,1,1,1,,,,1,1,,1,
Meath,Knowth,Ireland,,1,1,1,,,,,,,1,1
Meath,Knowth,Ireland,,,,1,,,,,,,1,
Meath,Knowth,Ireland,,,1,1,,,,,1,,1,
Meath,Knowth,Ireland,,,,1,,,,,,,,
Meath,Knowth,Ireland,,,1,1,,,,,,,,
Meath,Knowth,Ireland,,1,,1,,,,,,,,1
Meath,Knowth,Ireland,,1,1,1,,,,,,1,1,
Meath,Knowth,Ireland,,,1,1,,,,,,,,
Meath,Knowth,Ireland,,,,,,,,,,,,1
Meath,Knowth,Ireland,1,,1,1,,,,,,,,1
Meath,Knowth,Ireland,1,1,1,1,,,,,,,1,1
Meath,Knowth,Ireland,,1,,1,,,,,1,,,
Meath,Knowth,Ireland,,,,1,,,1,1,,,,1
Meath,Knowth,Ireland,1,,,1,,,,,,,1,
Meath,Knowth,Ireland,,,1,1,,,,,,,,
Meath,Knowth,Ireland,,,,1,,,,,,,,
Meath,Knowth,Ireland,,1,,1,,,,,,,,
Meath,Knowth,Ireland,,,,1,,,,,,,,
Meath,Knowth,Ireland,,,,,,,,,,,,1
Meath,Knowth,Ireland,,,,1,,,,,,,,
Meath,Knowth,Ireland,,1,1,1,,,,,,,1,1
Meath,Knowth,Ireland,,1,,1,,,,,,,,1
Meath,Knowth,Ireland,,1,1,1,,,,,,,,
Meath,Knowth,Ireland,,,,1,,,,,,,,
Meath,Knowth,Ireland,,,,1,,,,,,,,
Meath,Knowth,Ireland,,1,,,,,,,,,,1
Meath,Knowth,Ireland,1,1,,1,,,,,1,,,
Meath,Knowth,Ireland,,,,,,,,,,,,1
Meath,Knowth,Ireland,,,,1,,,,,,,1,
Meath,Knowth,Ireland,,,,,,,,,1,,,
Meath,Knowth,Ireland,1,,,1,,,,,1,,,1
Meath,Knowth,Ireland,,,,,,,,,,,1,
Meath,Knowth,Ireland,1,,1,,,,1,,,,,
Meath,Knowth E,Ireland,,,,,,,,,,1,,
Meath,Knowth E,Ireland,,,1,1,,,1,,,,,
Meath,Knowth E,Ireland,,1,,,,,1,,,,1,
Meath,Knowth E,Ireland,,,,,,,,,,,,1
Meath,Knowth E,Ireland,1,,,,,,,,,,1,
Meath,Knowth E,Ireland,,,,1,,,,,,,1,
Meath,Knowth E,Ireland,,,,,,,1,,,,,?
Meath,Knowth E,Ireland,,,,,,,1,?,1,?,1,
Meath,Knowth E,Ireland,,,,,,,1,,,,,
Meath,Knowth E,Ireland,,,,,,,,,,,,1
Meath,Knowth E,Ireland,,,,,,,1,?,1,,1,
Meath,Knowth E,Ireland,1,,,1,,,,,,,,
Meath,Knowth E,Ireland,,,,,,,1,1,1,,,
Meath,Knowth E,Ireland,,,,,,,1,?,,,,
Meath,Knowth E,Ireland,,,,1,,,,,,,,
Meath,Knowth E,Ireland,,,,1,,,,,,,1,
Meath,Knowth E,Ireland,,,,,,,,,1,,,
Meath,Knowth E,Ireland,1,1,,,,,,,,,,
Meath,Knowth E,Ireland,1,1,,1,1,,1,1,1,,1,1
Meath,Knowth E,Ireland,,1,,,,,1,?,1,,,
Meath,Knowth E,Ireland,,1,,,,,?,?,1,,1,
Meath,Knowth E,Ireland,,,,,,,1,1,,,,
Meath,Knowth E,Ireland,,,,,,,1,,,,,
Meath,Knowth E,Ireland,,,,1,,,,,,,,
Meath,Knowth E,Ireland,,1,,1,,,,,,,,
Meath,Knowth E,Ireland,,1,,1,,,,,,,,
Meath,Knowth E,Ireland,,1,,1,,,,,,,,
Meath,Knowth E,Ireland,1,1,,1,,,1,,,,1,?
Meath,Knowth E,Ireland,1,,,1,,,,,?,,,
Meath,Knowth E,Ireland,,,1,,,,,,,,,
Meath,Knowth E,Ireland,,1,,1,,,,,,,,
Meath,Knowth E,Ireland,,,1,1,,,,,,,,1
Meath,Knowth E,Ireland,,,1,,,,,,,,,
Meath,Knowth E,Ireland,,,,1,,,,,,,1,
Meath,Knowth E,Ireland,,,1,,,,1,,,,,?
Meath,Knowth E,Ireland,,,,,,,1,,,,,
Meath,Knowth E,Ireland,,,1,,,,?,,,,,
Meath,Knowth E,Ireland,,,1,,,,1,,,,,1
Meath,Knowth E,Ireland,1,1,,,,,1,,,,,?
Meath,Knowth E,Ireland,,,,1,,,,,,,,
Meath,Knowth E,Ireland,,,,,,,?,,,,,1
Meath,Knowth E,Ireland,,,,,,,1,,,,,1
Meath,Knowth E,Ireland,,,,,,,1,,,,,
Meath,Knowth E,Ireland,,,,,,,1,,,,,
Meath,Knowth E,Ireland,,,,,,,,,1,,,
Meath,Knowth E,Ireland,,,,,,,,1,,,,
Meath,Knowth E,Ireland,,,1,,,,1,,,,,
Meath,Knowth E,Ireland,,,,,,,1,,,,,
Meath,Knowth E,Ireland,,,,1,,,,,,,,1
Meath,Knowth E,Ireland,,?,,,,,,,,,,?
Meath,Knowth E,Ireland,,,,,,,1,,,,1,
Meath,Knowth E,Ireland,,1,,1,1,,,,,,,1
Meath,Knowth E,Ireland,,1,,,,,?,,?,1,1,
Meath,Knowth E,Ireland,,,,,,,1,,,,1,
Meath,Knowth E,Ireland,1,1,,1,,,,,?,,1,
Meath,Knowth E,Ireland,,,,,,,,,,,1,
Meath,Knowth E,Ireland,,,,,,,,,,,1,
Meath,Knowth E,Ireland,,,,,,,1,,,,,
Meath,Knowth E,Ireland,,,,,,,?,,,1,1,
Meath,Knowth E,Ireland,,,,,,,1,,,,,
Meath,Knowth E,Ireland,,,,,,,1,,,,,1
Meath,Knowth E,Ireland,,,1,,,,1,,,,,1
Meath,Knowth E,Ireland,,,,,,,1,,,,,
Meath,Knowth E,Ireland,,1,,,,,,,?,,,?
Meath,Knowth W,Ireland,,,1,1,,,1,,,,,
Meath,Knowth W,Ireland,,?,1,,,,1,,?,,,
Meath,Knowth W,Ireland,,,1,,,,1,,,,,1
Meath,Knowth W,Ireland,,1,,1,,,,,,,,1
Meath,Knowth W,Ireland,,,,1,,,,,,,,
Meath,Knowth W,Ireland,?,,,1,,,1,,1,1,1,1
Meath,Knowth W,Ireland,1,,,,,,,,?,,,
Meath,Knowth W,Ireland,,1,,,,,1,1,1,,,
Meath,Knowth W,Ireland,1,1,,1,,,1,1,1,,1,?
Meath,Knowth W,Ireland,,,,1,1,,,,,,1,
Meath,Knowth W,Ireland,1,,,1,,,,,1,,,
Meath,Knowth W,Ireland,1,1,,1,,,1,?,1,,,?
Meath,Knowth W,Ireland,,1,,1,,,1,,,,,
Meath,Knowth W,Ireland,,,,1,,,,,,1,1,1
Meath,Knowth W,Ireland,1,,,,,,1,,,,,1
Meath,Knowth W,Ireland,,,1,,,,1,,,,,
Meath,Knowth W,Ireland,,,,,,,1,,,,,
Meath,Knowth W,Ireland,,,,,,,1,,,,,
Meath,Knowth W,Ireland,,,1,,,,1,,,,,
Meath,Knowth W,Ireland,,,,1,,,1,,,,,?
Meath,Knowth W,Ireland,,,,,,,?,,,,1,
Meath,Knowth 2,Ireland,,1,,,,,,,,,,
Meath,Knowth 2,Ireland,,1,,1,,,,,,,1,
Meath,Knowth 2,Ireland,,1,,1,,,,,,,,
Meath,Knowth 2,Ireland,,,,,,,1,,1,,,
Meath,Knowth 3,Ireland,1,1,,1,,,,,,,,
Meath,Knowth 4,Ireland,1,,,1,,,1,?,1,1,1,?
Meath,Knowth 5,Ireland,,,,1,,,,,,,,1
Meath,Knowth 8,Ireland,,1,,,,,,,,,,1
Meath,Knowth 8,Ireland,,?,,,,,,,,,,
Meath,Knowth 12,Ireland,1,1,,,,,,,,,,
Meath,Knowth 13,Ireland,,1,1,1,,,,,,,,
Meath,Knowth 13,Ireland,,,1,,,,,,,,,1
Meath,Knowth 13,Ireland,,,,,,,,,,,,1
Meath,Knowth 13,Ireland,,,,,,,,,,,,1
Meath,Knowth 13,Ireland,1,,,,,,,,,,1,
Meath,Knowth 13,Ireland,,1,,1,,,,,,,1,
Meath,Knowth 14,Ireland,,,,,,,,,,,,1
Meath,Knowth 14,Ireland,,,1,1,,,,,,,,
Meath,Knowth 14,Ireland,,1,1,,,,,,,,,
Meath,Knowth 14,Ireland,,,,1,,,,,,,1,1
Meath,Knowth 14,Ireland,1,1,1,1,,1,1,1,1,1,1,1
Meath,Knowth 14,Ireland,,,,,,,1,,,,,
Meath,Knowth 15,Ireland,,,,1,,,,,?,,,
Meath,Knowth 15,Ireland,,1,,,,,,,,,,
Meath,Knowth 15,Ireland,,,,1,,,1,,1,,1,
Meath,Knowth 15,Ireland,1,1,1,1,,,,,,,,
Meath,Knowth 16,Ireland,,,,,,,1,,,,,
Meath,Knowth 16,Ireland,,,,,,,1,,,,,
Meath,Knowth 16,Ireland,,,,,,,?,,,?,1,1
Meath,Knowth 16,Ireland,,,,,,,1,,,,,
Meath,Knowth 16,Ireland,,,,,,,1,,1,,,
Meath,Knowth 16,Ireland,,,,,,,,,1,,,
Meath,Knowth 17,Ireland,,,,,,,1,,,,,
Meath,Knowth 17,Ireland,,,,,,,,,,,,1
Meath,Knowth 17,Ireland,,,1,,,,1,,1,,,
Meath,Knowth 17,Ireland,,,1,,,,1,,1,?,1,
Meath,Knowth 17,Ireland,,,,1,,,,,?,,,
Meath,Knowth 18,Ireland,1,,1,,,,,,,,1,
Meath,Knowth,Ireland,,1,1,,,,,,,,,
Meath,Knowth,Ireland,,1,,,,,,,,,,
Meath,Knowth,Ireland,,,1,,,,,,,,,
Meath,Knowth,Ireland,,1,1,1,,,,,,,,
Meath,Knowth,Ireland,1,1,,1,,,,,,,1,1
Meath,Knowth,Ireland,,,,,,,,,1,,,
Meath,Knowth,Ireland,,1,,1,,,,,,,,1
Meath,Knowth,Ireland,,,,1,,,,,,,1,
Meath,Knowth,Ireland,,,1,,,,,,,,,
Meath,Knowth,Ireland,,1,,,,,,,1,,,
Sligo,Listoghil,Ireland,,1,,1,,,,,,,,
Meath,Loughcrew F,Ireland,,,,,,,,,,1,1,
Meath,Loughcrew F,Ireland,,1,,,,,,,,,,1
Meath,Loughcrew F,Ireland,1,,,,,,,,,,,
Meath,Loughcrew F,Ireland,1,,1,1,,,1,,1,,,1
Meath,Loughcrew F,Ireland,,,,,?,?,1,,,,,
Meath,Loughcrew F,Ireland,,1,,1,,,,,,,1,
Meath,Loughcrew F,Ireland,,,,1,1,,,,,,,
Meath,Loughcrew F,Ireland,1,1,,,1,,,,,,1,1
Meath,Loughcrew H,Ireland,1,1,,1,,,,,,1,1,1
Meath,Loughcrew H,Ireland,,,,1,,,,,,,,
Meath,Loughcrew H,Ireland,1,1,1,1,,,,,,1,1,1
Meath,Loughcrew H,Ireland,1,1,,1,,,,,,,,
Meath,Loughcrew H,Ireland,,,,,,,,1,,,1,
Meath,Loughcrew H,Ireland,,1,,,,,,,,,,1
Meath,Loughcrew H,Ireland,,,1,,,,,,,,,
Meath,Loughcrew H,Ireland,,1,,,,,,,,,1,
Meath,Loughcrew I,Ireland,,,,,1,,,,,1,1,1
Meath,Loughcrew I,Ireland,1,,,1,,1,,,,,1,
Meath,Loughcrew I,Ireland,,1,,1,,,,,,,,
Meath,Loughcrew I,Ireland,,,1,1,1,,,,,,,1
Meath,Loughcrew I,Ireland,1,,,1,1,,1,,?,1,1,1
Meath,Loughcrew I,Ireland,1,1,1,1,1,?,,1,?,1,1,
Meath,Loughcrew I,Ireland,,,,,,,,,,,,1
Meath,Loughcrew I,Ireland,,,,,,,1,,,,,1
Meath,Loughcrew J,Ireland,,,,1,,,,,,,1,
Meath,Loughcrew J,Ireland,,1,,1,,,1,,?,,,
Meath,Loughcrew J,Ireland,,,,1,,,,,,,1,
Meath,Loughcrew K,Ireland,,?,,,,,,,,,,
Meath,Loughcrew L,Ireland,,1,1,1,,,,,,,1,
Meath,Loughcrew L,Ireland,,,,1,1,,,,,,,1
Meath,Loughcrew L,Ireland,1,1,1,1,,,,,,?,?,1
Meath,Loughcrew L,Ireland,,?,?,,,,,,,,,
Meath,Loughcrew L,Ireland,,1,,1,1,,1,,,,1,?
Meath,Loughcrew L,Ireland,1,,,,,,,,,,,
Meath,Loughcrew L,Ireland,,1,,,1,,,,,,,
Meath,Loughcrew L,Ireland,1,1,1,1,,,,,,,,
Meath,Loughcrew L,Ireland,,1,,1,,,,,?,?,1,
Meath,Loughcrew L,Ireland,,1,,1,,,,,,1,1,
Meath,Loughcrew L,Ireland,,1,,,,,,,,,,
Meath,Loughcrew L,Ireland,1,?,,1,,,,,,,,1
Meath,Loughcrew L,Ireland,,1,,,,,,,1,,,
Meath,Loughcrew L,Ireland,1,1,,1,,,,1,1,,1,1
Meath,Loughcrew L,Ireland,1,1,1,1,,1,,,1,1,1,
Meath,Loughcrew L,Ireland,,1,,1,,,,,,,,
Meath,Loughcrew L,Ireland,,,,1,,,1,?,1,,,1
Meath,Loughcrew L,Ireland,,,,,,,,,1,,1,
Meath,Loughcrew L,Ireland,,1,,,,,,,,,1,
Meath,Loughcrew L,Ireland,1,,,1,,,,,,,,
Meath,Loughcrew O,Ireland,1,,,1,,,,,1,,,
Meath,Loughcrew R2,Ireland,1,,,1,,,,,,,1,1
Meath,Loughcrew S,Ireland,1,1,,1,,,,,,,,1
Meath,Loughcrew S,Ireland,1,1,1,1,1,,,,,1,1,
Meath,Loughcrew S,Ireland,,,,1,,,,,,,,
Meath,Loughcrew S,Ireland,1,1,,1,,1,,,,,1,
Meath,Loughcrew S,Ireland,1,1,,1,,,,,,1,1,
Meath,Loughcrew T,Ireland,1,1,1,1,1,,,,,,1,
Meath,Loughcrew T,Ireland,1,1,1,1,,,,,,1,1,1
Meath,Loughcrew T,Ireland,,,,?,,,,,,,1,
Meath,Loughcrew T,Ireland,1,1,1,1,,,,,,,1,1
Meath,Loughcrew T,Ireland,1,1,1,1,,,,,,,,
Meath,Loughcrew T,Ireland,1,1,1,1,,,,,,?,1,
Meath,Loughcrew T,Ireland,1,1,,?,,,,,,,,1
Meath,Loughcrew T,Ireland,1,1,?,1,1,,,,,1,1,
Meath,Loughcrew T,Ireland,1,,,1,,,,,,,,
Meath,Loughcrew T,Ireland,,1,,,,,,,,1,1,
Meath,Loughcrew T,Ireland,1,1,,1,1,,,,,1,1,
Meath,Loughcrew T,Ireland,1,1,1,1,1,,,,,,,1
Meath,Loughcrew T,Ireland,1,1,,1,,,,,,,,
Meath,Loughcrew T,Ireland,1,1,,1,?,,,,,,1,
Meath,Loughcrew T,Ireland,1,1,,1,1,,,,,,1,
Meath,Loughcrew T,Ireland,,1,,?,,,,,1,,,1
Meath,Loughcrew T,Ireland,1,1,,1,1,,1,,,1,1,
Meath,Loughcrew T,Ireland,1,1,,1,,1,,,,?,1,
Meath,Loughcrew T,Ireland,,1,,1,,,,,,,,?
Meath,Loughcrew T,Ireland,1,1,,1,1,,,,1,,1,1
Meath,Loughcrew T,Ireland,1,1,,1,1,1,,,,1,1,1
Meath,Loughcrew T,Ireland,1,1,,1,1,,,,,1,1,1
Meath,Loughcrew T,Ireland,1,1,,,,,,,,1,1,1
Meath,Loughcrew T,Ireland,,,,?,,,,,,,,
Meath,Loughcrew T,Ireland,,1,,1,?,,,,,,1,
Meath,Loughcrew T,Ireland,,,,?,,,,,,1,1,1
Meath,Loughcrew T,Ireland,,1,,1,,,,,,1,1,
Meath,Loughcrew T,Ireland,1,1,1,1,1,,,,,1,1,1
Meath,Loughcrew T,Ireland,,?,,,,,1,,,,,
Meath,Loughcrew T,Ireland,1,1,,1,,,,,,,,
Meath,Loughcrew U,Ireland,,,?,?,?,,,,,?,1,?
Meath,Loughcrew U,Ireland,,1,,1,,,1,,,,1,
Meath,Loughcrew U,Ireland,,1,,1,,,,,,,,?
Meath,Loughcrew U,Ireland,1,1,,1,1,,,,,1,1,1
Meath,Loughcrew U,Ireland,1,1,,1,1,,,,,,,1
Meath,Loughcrew U,Ireland,,1,,?,,,,,,,,1
Meath,Loughcrew U,Ireland,1,,,1,1,,,,1,1,1,1
Meath,Loughcrew U,Ireland,,1,,1,,1,?,,,1,1,1
Meath,Loughcrew U,Ireland,,,,,,,1,?,,,,?
Meath,Loughcrew U,Ireland,,1,1,1,,,1,,,,,1
Meath,Loughcrew U,Ireland,1,1,,1,1,,,,1,,,1
Meath,Loughcrew U,Ireland,,1,,1,,,,,,,,
Meath,Loughcrew U,Ireland,,,,1,,1,,,,,,1
Meath,Loughcrew U,Ireland,,?,?,?,,,,,,,,1
Meath,Loughcrew V,Ireland,1,1,,1,,,,,,,,
Meath,Loughcrew V,Ireland,1,1,,1,,,,,,,,
Meath,Loughcrew V,Ireland,,,,1,,,,,,,1,1
Meath,Loughcrew V,Ireland,,1,,1,,,,,,,,
Meath,Loughcrew W,Ireland,,1,,,,,,,,,,
Meath,Loughcrew W,Ireland,,?,1,1,1,,,,,,,1
Meath,Loughcrew W,Ireland,,1,,1,,,,,,1,1,
Meath,Loughcrew W,Ireland,,,,,,,1,,,,1,
Meath,Loughcrew X1,Ireland,1,1,,1,1,1,,,,,1,1
Antrim,Lyles Hill,Ireland,,,,,,,1,1,,,1,
Donegal,Malin More,Ireland,,,?,1,,,1,,1,,,1
Donegal,Malin More,Ireland,,1,?,1,,,?,,,,,?
Down,Millin Bay,Ireland,1,,,1,,,,,,,,
Down,Millin Bay,Ireland,,,,1,,,,,,,,
Down,Millin Bay,Ireland,,,,1,,,,,,,1,
Down,Millin Bay,Ireland,,1,,1,,,,,,,1,?
Down,Millin Bay,Ireland,,1,,1,,,,,,,,1
Down,Millin Bay,Ireland,,,,1,,,,,,,,
Down,Millin Bay,Ireland,,1,,,,,,,?,,,1
Down,Millin Bay,Ireland,,,,,,,,,,,,1
Down,Millin Bay,Ireland,,,,,,,,,,,,1
Down,Millin Bay,Ireland,1,?,,1,,,1,,,,,?
Down,Millin Bay,Ireland,,1,?,1,,,,,,,1,1
Down,Millin Bay,Ireland,,,,1,,,,,,,,1
Down,Millin Bay,Ireland,,,,,,,,,,,,1
Down,Millin Bay,Ireland,,,,,,,,,,,,1
Down,Millin Bay,Ireland,1,,,1,,,,,,,,1
Down,Millin Bay,Ireland,,,,,,,,,?,,,
Down,Millin Bay,Ireland,1,,,1,,,,,1,,,
Down,Millin Bay,Ireland,,?,,?,,,,,,,,1
Down,Millin Bay,Ireland,,?,,?,,,,,,,1,1
Down,Millin Bay,Ireland,,,,1,,,,,,,1,
Down,Millin Bay,Ireland,,,,1,,,,,,,,
Down,Millin Bay,Ireland,,,,,,,,,,,,1
Down,Millin Bay,Ireland,,,,,,,,,,,,?
Down,Millin Bay,Ireland,,,,?,,,,,,,,
Down,Millin Bay,Ireland,,,,,,,,,?,,,1
Down,Millin Bay,Ireland,,,,1,,,,,,,,
Down,Millin Bay,Ireland,,,,1,,,,,,,,1
Down,Millin Bay,Ireland,,,,,,,?,,,,,
Down,Millin Bay,Ireland,,,,,,,,,,,1,
Down,Millin Bay,Ireland,,1,,?,,,,,,,,
Down,Millin Bay,Ireland,,,,,,,?,,,,1,1
Down,Millin Bay,Ireland,,?,,?,,,1,,1,,1,
Down,Millin Bay,Ireland,,1,,1,,,,,,,,1
Down,Millin Bay,Ireland,,,?,1,?,,,,,,1,
Down,Millin Bay,Ireland,,,,,,,1,,?,,,
Down,Millin Bay,Ireland,,,,,,,,,,,1,1
Down,Millin Bay,Ireland,,,,,,,,,,,,1
Down,Millin Bay,Ireland,,,,,,,1,,?,,1,1
Down,Millin Bay,Ireland,,,,,,,,,,,1,
Down,Millin Bay,Ireland,,?,,?,,,1,,?,,,
Down,Millin Bay,Ireland,,,,,,,,,,,,1
Down,Millin Bay,Ireland,,,,,,,,,,,,1
Meath,Mountainstown,Ireland,,,,,,,1,,,,1,?
Sligo,Moylough,Ireland,,,,,,,,,,,,1
Meath,Mullagharoy,Ireland,1,1,,1,1,,,,,,1,1
Meath,Newgrange,Ireland,,,1,1,,,1,1,1,,1,
Meath,Newgrange,Ireland,,1,,1,,,1,,,,,?
Meath,Newgrange,Ireland,1,1,,,,,,,,,,
Meath,Newgrange,Ireland,1,1,,1,,,1,1,1,,,1
Meath,Newgrange,Ireland,,1,,,,,?,,?,,,?
Meath,Newgrange,Ireland,1,1,,1,,1,,,1,,1,
Meath,Newgrange,Ireland,,1,,,,,1,,,1,1,1
Meath,Newgrange,Ireland,1,1,1,,,,,,,,,1
Meath,Newgrange,Ireland,1,1,,1,,,1,,?,,1,1
Meath,Newgrange,Ireland,1,1,1,,?,,,,,,,
Meath,Newgrange,Ireland,1,1,,1,,,1,?,,,,1
Meath,Newgrange,Ireland,1,1,1,1,,,1,1,1,1,1,1
Meath,Newgrange,Ireland,1,1,1,,,,1,,,,,
Meath,Newgrange,Ireland,1,1,,,,,,,,,,
Meath,Newgrange,Ireland,1,1,1,1,,,1,1,1,,1,1
Meath,Newgrange,Ireland,1,1,,,,,,,,,1,1
Meath,Newgrange,Ireland,1,1,1,1,,,1,,,,1,1
Meath,Newgrange,Ireland,1,1,1,1,,,1,1,1,,1,1
Meath,Newgrange,Ireland,,1,,1,,,,,?,,1,
Meath,Newgrange,Ireland,1,,1,1,,,1,1,1,,,
Meath,Newgrange,Ireland,1,1,,1,,,,,,,,1
Meath,Newgrange,Ireland,,1,,,,,,,,,,
Meath,Newgrange,Ireland,,1,1,1,,,1,,1,,,
Meath,Newgrange,Ireland,,1,,,,1,1,1,?,,,
Meath,Newgrange,Ireland,,,,,,,?,,,,,1
Meath,Newgrange,Ireland,,1,,,,,,,,,,
Meath,Newgrange,Ireland,1,1,1,?,,,,,,,,
Meath,Newgrange,Ireland,,?,,?,,,1,,,,,
Meath,Newgrange,Ireland,,,,,,,1,,,,1,
Meath,Newgrange,Ireland,,1,,,,,,,,,,1
Meath,Newgrange,Ireland,,,,,,,,?,1,,,
Meath,Newgrange,Ireland,,1,,1,,,,,1,,,
Meath,Newgrange,Ireland,,,1,,,,1,,1,,,
Meath,Newgrange,Ireland,,,1,1,,,,,,,,?
Meath,Newgrange,Ireland,,,,,,,1,1,1,,,
Meath,Newgrange,Ireland,,1,1,,,,,,,,1,1
Meath,Newgrange,Ireland,,,,,,,,1,,,,
Meath,Newgrange,Ireland,,,,,,,,1,,,,
Meath,Newgrange,Ireland,,,,,,,,,1,,,
Meath,Newgrange,Ireland,,,,1,,,1,1,1,1,1,
Meath,Newgrange,Ireland,1,1,,,,,1,,,,1,
Meath,Newgrange,Ireland,,,,,,,,?,1,,,
Meath,Newgrange,Ireland,1,1,,1,,,1,,,1,1,
Meath,Newgrange,Ireland,,,,,,,,1,1,1,1,
Meath,Newgrange,Ireland,,1,1,,,,,,1,,,
Meath,Newgrange,Ireland,,?,1,,,,,,,,,1
Meath,Newgrange,Ireland,,1,1,1,,,1,,1,1,1,
Meath,Newgrange,Ireland,,,,,,,1,1,1,,,
Meath,Newgrange,Ireland,,1,1,,,,1,?,1,,1,1
Meath,Newgrange,Ireland,,1,,,,,,,,,,
Meath,Newgrange,Ireland,,,,,,,,,1,,,
Meath,Newgrange,Ireland,,,,,,,,1,1,,,
Meath,Newgrange,Ireland,1,,,1,,1,,,,,,
Meath,Newgrange,Ireland,,,,,,,,1,,,1,
Meath,Newgrange,Ireland,1,1,,1,,1,,?,1,,,1
Meath,Newgrange,Ireland,,1,1,1,,,,,?,,1,1
Meath,Newgrange,Ireland,1,1,,1,,,,,,,1,1
Meath,Newgrange,Ireland,1,1,,1,,,1,,,1,1,
Meath,Newgrange,Ireland,,,,1,,,,,,,,
Meath,Newgrange,Ireland,,,,,,,,1,,,,
Meath,Newgrange,Ireland,1,1,1,1,,,1,1,1,,1,
Meath,Newgrange,Ireland,,,,,,,,1,?,,1,
Meath,Newgrange,Ireland,,,,,,,1,,1,,1,
Meath,Newgrange,Ireland,,1,?,?,,,1,1,,,,
Meath,Newgrange,Ireland,1,1,1,1,,1,,,,,1,1
Meath,Newgrange,Ireland,,,,,,,1,1,,,,?
Meath,Newgrange,Ireland,,1,,,,,1,,,,,
Meath,Newgrange,Ireland,,,,,,,1,1,1,,,
Meath,Newgrange,Ireland,,,,,,,,,1,,,
Meath,Newgrange,Ireland,,,,,,,,1,1,,,
Meath,Newgrange,Ireland,,,,,,,1,1,,,,
Meath,Newgrange,Ireland,,,?,,,,,,1,?,1,
Meath,Newgrange,Ireland,,,,,,,1,,1,,,
Meath,Newgrange,Ireland,,1,1,1,,,1,?,1,,,1
Meath,Newgrange K,Ireland,1,?,,,?,,,,,,1,
Meath,Newgrange K,Ireland,,,,,,,1,,,,,
Meath,Newgrange K,Ireland,,,,,,,?,,1,,,?
Meath,Newgrange K,Ireland,1,1,1,1,,,,,1,,1,
Meath,Newgrange K,Ireland,,,,,,,,,,,,?
Meath,Newgrange K,Ireland,,?,,1,,,,,,,,
Meath,Newgrange K,Ireland,1,?,,1,,,1,,,,,1
Meath,Newgrange K,Ireland,1,1,,1,?,,,,,,1,
Meath,Newgrange K,Ireland,1,,,,,,1,,,,1,
Meath,Newgrange K,Ireland,,,,,,,,,,,1,
Meath,Newgrange L,Ireland,1,1,1,1,,1,1,1,1,1,,1
Meath,Newgrange L,Ireland,,1,,1,,,?,?,,,,
Meath,Newgrange L,Ireland,,1,1,,1,,1,1,1,?,1,1
Meath,Newgrange L,Ireland,1,1,,1,,,,?,,,,1
Meath,Newgrange L,Ireland,1,?,,?,,,,,1,,1,
Meath,Newgrange L,Ireland,,,,,,,,,,,,1
Meath,Newgrange L,Ireland,,?,,?,,,,1,1,,,
Meath,Newgrange Z,Ireland,,,,,,,1,,,,,
Meath,Newgrange Z,Ireland,,1,,1,?,,1,,,,1,
Meath,Rathkenny,Ireland,1,1,1,1,,,,,,,,
Meath,Rathkenny,Ireland,1,1,,1,,,,,,,,
Wicklow,Seefin,Ireland,,,,,,,?,,1,,,
Wicklow,Seefin,Ireland,,,,,,,1,,1,,,
Tyrone,Sess Kilgreen,Ireland,1,1,,1,1,,,,,1,1,
Tyrone,Sess Kilgreen,Ireland,,1,,,,,,,1,,,?
Tyrone,Sess Kilgreen,Ireland,,1,,1,,,,,,,,
Tyrone,Sess Kilgreen,Ireland,1,1,1,1,,,,,,,,
Tyrone,Sess Kilgreen,Ireland,,,,,,,?,,1,,,
Tyrone,Sess Kilgreen,Ireland,1,1,,1,,,,,,,,
Tyrone,Sess Kilgreen,Ireland,1,1,,,,,,,,,,
Meath,Tara,Ireland,1,1,1,1,,,,,,,1,1
Dublin,Tibradden,Ireland,,,1,?,,,,,,,,
Wicklow,Tournant,Ireland,,1,1,1,,,,,,,,
Anglesey,Barclodiad y Gawres,Wales,,,,,,,1,,1,,,
Anglesey,Barclodiad y Gawres,Wales,,,1,,,,1,,1,,,1
Anglesey,Barclodiad y Gawres,Wales,,,1,,,,?,,,,,
Anglesey,Barclodiad y Gawres,Wales,,,1,1,,,,,,,,
Anglesey,Barclodiad y Gawres,Wales,,,,,,,,,,?,,
Anglesey,Barclodiad y Gawres,Wales,,,1,,,,1,,1,,,1
Anglesey,Bryn Celli Ddu,Wales,1,,1,,,,,,,,,1
Meirionydd,Llanbedr,Wales,,,1,,,,,,?,,,
Liverpool,Calderstones,England,1,1,1,1,,,?,,,1,1,
Liverpool,Calderstones,England,1,1,1,1,,,,,,,1,
Liverpool,Calderstones,England,1,1,1,,,,1,,,,,
Liverpool,Calderstones,England,1,,,1,,,,,,,,
Liverpool,Calderstones,England,,1,1,,,,,,,,,
Liverpool,Calderstones,England,,,1,,,,,,?,,,
Cumbria,Castlerigg,England,1,,,1,,,,,,,,
Cumbria,Castlerigg,England,,,,,,,,,1,,,
Cumbria,Castlerigg,England,,,,,,,,,,,,
Cumbria,Castlerigg,England,,,,,,,,,1,,,
Cumbria,Glassonby,England,,1,,1,,,1,,,,,
Argyll,Temple Wood,England,,,1,,,,,,,,,
Argyll,Temple Wood,England,,1,,,,,,,,,,
Orcades,Cuween Hill,Scotland,,,,,,,1,,1,,,
Orcades,Cuween Hill,Scotland,,,,,,,1,,,,,
Orcades,Cuween Hill,Scotland,,,,,,,,,,,?,
Orcades,Eday Manse,Scotland,,1,1,1,,,,,,,,
Orcades,Frith,Scotland,,,1,,,,,,,,,
Orcades,Holm of Papa Westray,Scotland,1,,,,,,,,1,,,
Orcades,Holm of Papa Westray,Scotland,,,,,,,1,,,,,
Orcades,Holm of Papa Westray,Scotland,1,,,1,,,,,,,1,
Orcades,Holm of Papa Westray,Scotland,,?,,,,,,,,,,
Orcades,Holm of Papa Westray,Scotland,1,,,,,,,,,,,
Orcades,Holm of Papa Westray,Scotland,1,,,,,,1,,,,,
Orcades,Holm of Papa Westray,Scotland,,,,,,,1,,,,,
Orcades,Maeshowe,Scotland,,,,,,,,,1,,,
Orcades,Maeshowe,Scotland,,,,1,,,1,1,,,1,
Orcades,Maeshowe,Scotland,,,,,,,,,1,,,
Orcades,Maeshowe,Scotland,,,,,,,1,,,,1,
Orcades,Maeshowe,Scotland,,,,,,,,,1,,,
Orcades,Maeshowe,Scotland,,,,,,,1,,,,1,
Orcades,Maeshowe,Scotland,,,,,,,,,1,,,
Orcades,Maeshowe,Scotland,,,,,,,,,1,,,
Orcades,Maeshowe,Scotland,,,,,,,,?,1,,1,
Orcades,Pierowall,Scotland,,,1,,,,,,,,,
Orcades,Pierowall,Scotland,,,1,,,,,,,,,
Orcades,Pierowall,Scotland,1,,1,1,,,,,1,,,
Orcades,Quoyness,Scotland,,,,,,,1,,,,,
Orcades,Quoyness,Scotland,,,,,,,1,,,,,
Orcades,Quoyness,Scotland,,,,,,,1,,,,,
Orcades,Wideford Hill,Scotland,,,,,,,1,,,,,
Orcades,Wideford Hill,Scotland,,,,,,,1,,,,,
Orcades,Wideford Hill,Scotland,,,,,,,1,,,,,
Orcades,Wideford Hill,Scotland,,,,,,,1,,,,,
